{"cameraMode":{"drawMode":0,"name":"Shaded","section":"Shading Mode"},"sceneLighting":true,"audioPlay":false,"sceneViewState":{"showFog":true,"showMaterialUpdate":false,"showSkybox":true,"showFlares":true,"showImageEffects":true,"showParticleSystems":true},"in2DMode":false,"pivot":{"x":14.340617179870606,"y":-0.008532628417015076,"z":6.023148536682129},"rotation":{"x":0.07366353273391724,"y":0.5893290638923645,"z":-0.0540822297334671,"w":0.8027079701423645},"size":17.82221794128418,"orthographic":false}